,Expenditure category,2013-01-01,2013-02-01,2013-03-01,2013-04-01,2013-05-01,2013-06-01,2013-07-01,2013-08-01,2013-09-01,2013-10-01,2013-11-01,2013-12-01
0,All items,230.28,232.166,232.773,232.531,232.945,233.504,233.596,233.877,234.149,233.546,233.069,233.049
1,Food,236.341,236.301,236.332,236.841,236.526,236.792,237.001,237.406,237.522,237.871,237.641,237.869
2,Food at home,234.24,234.033,233.777,234.082,233.302,233.499,233.591,233.999,234.045,234.418,233.639,233.802
3,Cereals and bakery products,269.078,269.304,269.504,271.388,271.041,271.716,271.279,271.285,270.894,270.303,269.75,269.267
4,Cereals and cereal products,231.286,232.913,231.326,232.455,234.095,234.768,234.717,233.053,231.881,232.665,232.021,231.1
5,Flour and prepared flour mixes,257.057,254.453,251.631,256.866,258.791,257.779,258.292,257.241,252.058,247.184,239.034,242.265
6,Breakfast cereal(4),225.185,227.946,226.143,227.522,228.125,229.826,229.62,227.573,227.447,227.236,228.502,227.894
7,"Rice, pasta, cornmeal(4)",238.531,239.142,238.513,237.502,241.479,240.4,240.494,239.473,237.375,242.656,240.409,237.153
8,Rice(4)(5)(6),167.81,166.92,168.481,169.32,169.5,170.743,171.461,172.456,170.108,173.516,170.972,171.26
9,Bakery products,290.268,289.409,290.978,293.387,291.522,292.179,291.458,292.749,292.969,291.339,290.872,290.74
10,Bread(5),176.183,176.215,176.454,178.337,177.869,177.879,177.395,177.103,177.26,173.269,176.725,176.485
11,White bread(4)(6),319.39,318.529,321.969,324.661,322.35,325.136,323.086,320.925,323.07,316.861,322.868,319.586
12,Bread other than white(4)(6),343.588,345.32,340.883,344.283,345.971,341.678,341.699,344.295,342.175,332.77,340.275,342.906
13,"Fresh biscuits, rolls, muffins(4)(5)",171.513,169.797,171.336,172.133,171.226,171.381,171.397,172.334,171.75,173.714,171.02,171.088
14,"Cakes, cupcakes, and cookies",269.812,267.428,269.989,269.559,267.343,269.238,271.233,269.192,273.625,274.188,276.502,273.812
15,Cookies(4)(6),261.417,257.48,262.627,263.782,257.263,259.026,261.669,258.659,265.337,265.919,270.167,267.829
16,Fresh cakes and cupcakes(4)(6),278.912,278.171,279.06,276.851,279.285,280.37,282.873,282.101,282.566,282.971,283.382,280.855
17,Other bakery products,261.679,262.207,263.343,267.389,264.999,265.34,262.43,267.405,264.916,263.944,257.997,259.926
18,"Fresh sweetrolls, coffeecakes, doughnuts(4)(6)",284.789,286.572,289.888,291.145,290.764,293.623,292.097,291.76,288.906,289.326,288.444,290.058
19,"Crackers, bread, and cracker products(6)",299.424,298.356,300.676,307.055,300.787,299.916,296.171,308.766,303.129,303.502,294.594,297.476
20,"Frozen and refrigerated bakery products, pies, tarts, turnovers(6)",270.551,271.436,270.397,273.353,274.155,273.328,270.876,271.673,273.426,270.741,263.283,265.957
21,"Meats, poultry, fish, and eggs",232.461,233.041,233.294,234.32,233.724,235.277,235.859,237.494,238.37,239.834,238.761,239.102
22,"Meats, poultry, and fish",232.996,233.457,233.985,234.929,234.717,236.222,236.9,238.598,239.345,240.748,239.151,239.028
23,Meats,231.489,233.096,233.278,232.471,232.734,233.883,235.158,236.497,236.931,237.922,236.963,236.919
24,Beef and veal(4),266.112,267.171,267.351,265.956,267.178,268.134,269.486,269.187,268.393,269.178,270.613,271.159
25,Uncooked ground beef(4),245.235,246.302,247.142,246.498,245.786,244.603,245.389,247.96,247.099,246.754,249.25,249.188
26,Uncooked beef roasts(4)(5),193.886,194.929,198.013,194.714,194.723,196.633,198.78,197.697,195.785,195.857,199.307,200.336
27,Uncooked beef steaks(4)(5),178.718,178.976,177.8,176.642,179.341,181.008,182.609,180.187,180.152,181.464,180.611,181.03
28,Uncooked other beef and veal(4)(5),188.015,189.949,188.818,190.167,190.462,191.67,189.435,190.635,190.449,191.932,193.084,194.112
29,Pork,202.515,204.15,205.469,204.174,205.353,206.815,210.358,213.243,214.049,215.413,210.758,210.393
30,"Bacon, breakfast sausage, and related products(5)",147.329,147.736,150.103,150.027,149.643,152.049,154.704,157.463,158.652,159.439,155.494,156.954
31,Bacon and related products(6),268.999,268.209,276.363,273.975,272.482,279.664,286.956,295.784,299.093,299.287,294.04,291.393
32,Breakfast sausage and related products(5)(6),134.72,136.783,137.459,138.455,138.794,139.616,139.134,139.987,141.241,142.476,136.526,141.866
33,Ham,195.533,197.176,204.338,196.912,201.565,208.734,208.325,211.512,214.49,212.717,206.038,198.996
34,"Ham, excluding canned(6)",219.083,220.741,229.933,220.862,226.821,235.623,234.501,238.492,242.509,240.854,231.661,222.56
35,Pork chops,186.318,190.533,187.813,185.559,187.267,181.185,186.816,188.956,191.601,188.039,188.231,190.611
36,Other pork including roasts and picnics(5),124.525,125.3,122.711,124.707,124.847,124.124,127.256,128.148,125.709,130.792,127.845,127.792
37,Other meats,209.601,212.061,210.616,211.516,208.846,209.845,207.724,209.589,211.556,212.342,212.646,212.066
38,Frankfurters(6),207.908,211.38,212.242,208.682,202.231,203.409,199.353,200.892,207.418,207.24,211.423,207.167
39,Lunchmeats(4)(5)(6),135.816,136.758,136.231,136.013,135.394,135.826,135.339,136.978,136.981,138.107,138.005,138.267
40,Lamb and organ meats(4)(6),297.802,305.851,303.269,313.736,306.513,322.485,310.006,307.063,309.696,307.092,305.327,301.471
41,Lamb and mutton(4)(5)(6),177.31,180.728,178.749,186.286,181.755,198.29,187.102,184.618,179.951,177.286,176.266,170.624
42,Poultry,227.943,227.483,228.245,229.847,229.742,232.996,231.466,234.656,235.381,237.069,232.658,233.437
43,Chicken(5),145.652,144.411,145.202,146.697,146.604,149.386,147.984,150.303,150.575,152.135,149.615,150.393
44,Fresh whole chicken(4)(6),238.26,233.938,239.037,243.208,241.863,246.83,245.762,243.939,247.033,247.647,245.956,248.403
45,Fresh and frozen chicken parts(4)(6),220.37,218.775,218.618,219.945,220.097,224.549,221.526,227.361,226.077,228.64,224.002,225.068
46,Other poultry including turkey(5),152.36,155.61,154.977,154.277,154.305,153.839,154.411,155.488,156.695,156.012,151.942,151.408
47,Fish and seafood(4),267.671,264.262,266.075,274.095,271.585,272.462,273.497,274.953,277.198,280.198,279.388,277.682
48,Fresh fish and seafood(4)(5),158.088,156.87,159.505,163.694,161.379,162.389,162.506,163.999,167.384,168.014,168.486,165.671
49,Processed fish and seafood(5),141.249,138.704,138.194,142.94,142.396,142.397,143.407,143.581,142.836,145.489,144.17,144.965
50,Shelf stable fish and seafood(4)(6),198.051,197.805,193.169,198.82,199.276,199.38,199.171,198.479,196.265,200.041,197.801,198.6
51,Frozen fish and seafood(4)(6),294.125,281.629,284.715,298.098,296.893,296.866,300.359,302.771,302.226,309.449,307.004,308.027
52,Eggs,223.525,225.996,221.889,224.205,217.511,219.841,218.907,219.527,222.447,224.875,232.112,239.794
53,Dairy and related products(4),220.319,219.526,218.123,218.141,216.327,216.062,215.92,216.791,217.007,216.596,217.463,218.376
54,Milk(4)(5),150.751,149.915,149.297,148.666,146.892,148.866,148.463,148.368,148.295,148.692,150.251,151.661
55,Fresh whole milk(4)(6),217.439,217.031,214.505,214.404,210.822,214.056,214.0,213.329,212.946,212.379,216.655,218.632
56,Fresh milk other than whole(4)(5)(6),153.963,152.691,152.743,151.981,150.832,152.351,151.406,151.752,151.746,152.458,152.885,154.654
57,Cheese and related products(4),223.767,223.823,222.883,222.368,222.834,219.257,220.664,222.236,221.868,220.392,221.246,221.31
58,Ice cream and related products,222.414,220.547,217.251,217.832,211.673,212.97,209.448,209.826,215.248,216.042,215.86,216.416
59,Other dairy and related products(5),144.581,144.173,143.154,144.426,143.864,142.904,143.382,144.581,143.103,142.253,141.866,142.295
60,Fruits and vegetables,293.714,293.742,291.284,287.545,289.236,286.643,287.773,290.779,290.58,291.767,289.195,288.136
61,Fresh fruits and vegetables,337.973,337.889,335.069,329.729,330.764,326.581,328.083,332.911,332.912,336.253,333.76,331.492
62,Fresh fruits,348.284,346.216,341.805,340.026,348.343,339.149,337.122,339.203,340.81,345.833,345.762,345.395
63,Apples,346.658,348.522,347.973,344.059,354.613,361.504,368.736,375.768,355.975,329.61,326.946,323.923
64,Bananas,205.811,205.406,205.635,201.406,202.835,204.582,204.423,202.85,204.274,200.358,200.957,201.906
65,Citrus fruits(5),196.747,195.846,196.824,200.669,206.263,215.305,228.077,239.071,238.983,237.646,217.418,208.489
66,"Oranges, including tangerines(6)",393.245,391.259,391.197,392.515,416.915,447.38,486.671,512.601,507.225,506.119,451.134,427.519
67,Other fresh fruits(5),123.444,121.933,118.32,117.301,120.395,109.586,103.581,101.518,105.209,113.84,119.559,121.944
68,Fresh vegetables,325.727,327.639,326.434,317.543,311.248,312.129,317.171,324.736,323.121,324.753,319.838,315.671
69,Potatoes,306.779,304.618,299.177,302.721,309.349,318.022,340.258,362.401,359.512,336.698,317.514,313.252
70,Lettuce,334.245,359.71,345.411,310.854,287.462,290.881,296.237,299.626,298.823,317.463,312.89,301.064
71,Tomatoes(4),327.312,312.048,320.151,309.388,311.399,312.042,307.297,314.719,324.511,319.918,327.187,330.412
72,Other fresh vegetables,333.523,336.071,336.744,331.47,322.775,320.459,323.143,327.211,321.861,328.956,324.426,319.855
73,Processed fruits and vegetables(5),157.68,157.871,156.54,156.122,158.426,158.869,159.168,158.685,158.224,155.834,153.741,154.779
74,Canned fruits and vegetables(5),160.367,160.736,159.417,158.516,161.075,162.362,162.478,162.367,161.464,159.828,158.671,159.547
75,Canned fruits(5)(6),153.91,155.113,154.821,153.367,156.067,156.641,157.771,156.621,153.858,153.857,150.067,151.56
76,Canned vegetables(5)(6),168.54,168.767,166.55,165.853,168.396,170.311,169.503,170.238,170.389,167.819,168.661,168.798
77,Frozen fruits and vegetables(5),150.282,150.064,149.016,149.06,150.772,151.051,150.983,149.836,149.653,146.146,142.376,143.679
78,Frozen vegetables(6),206.227,206.218,204.453,204.934,207.041,208.966,208.249,207.298,206.364,200.893,195.962,197.121
79,Other processed fruits and vegetables including dried(5),160.83,161.277,159.427,159.481,162.128,160.579,162.027,161.747,161.99,159.627,158.071,159.05
80,"Dried beans, peas, and lentils(4)(5)(6)",196.863,193.876,194.344,190.251,191.896,190.858,193.222,194.921,193.458,194.777,192.523,195.994
81,Nonalcoholic beverages and beverage materials,169.593,168.977,168.736,168.812,166.189,166.287,165.412,165.884,165.755,166.361,165.228,165.767
82,Juices and nonalcoholic drinks(5),129.442,128.948,128.918,129.31,126.777,127.177,126.27,127.106,127.193,127.597,126.92,127.728
83,Carbonated drinks,162.612,161.998,162.026,162.678,159.313,158.626,158.282,158.279,158.756,159.088,157.049,155.629
84,Frozen noncarbonated juices and drinks(4)(5),169.347,167.452,167.258,167.968,167.588,169.027,169.818,170.957,172.527,174.77,173.829,172.675
85,Nonfrozen noncarbonated juices and drinks(4)(5),118.088,117.664,117.605,117.877,115.59,116.55,115.264,116.572,116.427,116.846,116.844,118.896
86,Beverage materials including coffee and tea(5),122.838,122.458,121.845,120.942,120.563,119.704,119.755,118.734,118.109,118.716,117.359,116.614
87,Coffee,213.34,212.574,210.647,207.282,207.377,205.113,205.149,202.092,199.627,199.74,197.884,195.725
88,Roasted coffee(6),222.275,221.407,219.736,215.674,216.238,213.127,212.849,209.472,207.148,206.897,204.301,201.214
89,Instant and freeze dried coffee(4)(6),215.032,215.445,212.951,205.884,205.415,204.363,206.015,203.882,204.151,206.39,205.465,207.489
90,Other beverage materials including tea(5),127.677,127.377,127.519,128.203,127.129,126.935,127.036,127.133,127.73,129.212,127.349,127.355
91,Other food at home,205.387,204.763,205.264,206.177,205.498,205.789,205.872,204.223,203.941,203.685,203.422,203.72
92,Sugar and sweets(4),214.726,212.039,212.165,211.978,211.193,212.204,211.359,209.093,209.606,210.389,209.363,207.795
93,Sugar and artificial sweeteners,198.967,196.763,193.668,193.882,193.046,190.254,190.773,190.792,187.772,186.198,181.534,178.971
94,Candy and chewing gum(4)(5),141.18,138.897,139.908,139.089,138.744,140.605,139.786,137.602,138.548,140.124,140.768,139.408
95,Other sweets(5),155.604,155.087,154.572,156.361,155.329,154.979,154.252,153.274,154.255,153.131,150.905,151.621
96,Fats and oils,234.392,232.036,230.109,229.981,230.074,228.602,228.407,229.017,228.267,228.78,226.04,226.091
97,Butter and margarine(5),185.63,186.153,184.514,183.591,185.741,184.658,183.402,183.932,185.242,182.826,180.243,181.251
98,Butter(6),199.728,198.606,197.136,197.002,202.582,200.445,198.79,199.685,198.513,197.761,194.477,196.193
99,Margarine(6),291.137,293.617,293.873,289.746,289.549,288.526,286.411,289.43,293.055,286.382,282.488,282.49
100,Salad dressing(4)(5),137.713,136.355,135.013,134.189,132.964,132.948,133.015,134.244,134.962,136.659,135.361,136.045
101,Other fats and oils including peanut butter(5),173.886,170.736,169.514,170.402,170.133,168.42,168.79,168.628,166.185,167.256,165.253,164.288
102,Peanut butter(4)(5)(6),184.774,180.333,176.199,176.428,176.056,174.239,172.54,173.339,171.467,173.322,171.745,170.331
103,Other foods,217.107,217.052,218.012,219.353,218.524,218.963,219.262,217.258,216.876,216.299,216.507,217.204
104,Soups,231.636,235.381,240.217,247.429,248.919,251.529,248.349,244.979,233.182,227.607,229.368,227.87
105,Frozen and freeze dried prepared foods(4),168.623,167.22,168.42,168.184,169.166,169.161,169.172,166.734,166.037,166.984,165.863,167.933
106,Snacks(4),238.682,242.541,245.013,244.516,242.856,241.295,246.337,242.504,243.279,244.38,240.224,242.341
107,"Spices, seasonings, condiments, sauces",228.102,227.396,225.804,228.193,226.922,225.352,226.876,228.922,227.16,224.758,223.368,223.367
108,Salt and other seasonings and spices(5)(6),136.944,136.852,134.957,135.264,136.107,135.023,136.547,135.593,137.639,135.021,134.931,134.655
109,"Olives, pickles, relishes(4)(5)(6)",135.433,135.215,138.361,139.4,132.39,131.181,129.235,136.799,131.193,134.222,133.892,133.597
110,Sauces and gravies(5)(6),131.852,131.646,131.56,132.955,131.427,130.064,132.335,133.573,131.549,131.494,130.667,131.568
111,Other condiments(4)(6),274.471,274.102,271.298,276.085,275.925,276.943,276.326,287.566,269.515,265.202,265.287,256.219
112,Baby food(4)(5),151.312,150.854,151.908,151.857,150.721,150.195,151.501,150.758,149.721,151.752,151.294,152.123
113,Other miscellaneous foods(4)(5),129.261,128.514,128.841,130.006,129.088,130.475,129.289,127.832,128.813,128.125,130.292,130.119
114,Prepared salads(4)(7)(6),113.295,114.531,115.259,115.606,112.53,115.189,113.646,114.739,114.317,115.017,115.905,116.321
115,Food away from home(4),240.713,240.93,241.409,242.236,242.642,243.016,243.409,243.811,244.036,244.35,244.97,245.3
116,Full service meals and snacks(4)(5),149.916,150.205,150.518,151.07,151.28,151.513,151.693,151.869,152.133,152.154,152.488,152.736
117,Limited service meals and snacks(4)(5),153.178,153.119,153.363,153.897,154.336,154.612,154.913,155.242,155.234,155.601,155.938,156.133
118,Food at employee sites and schools(5),153.876,154.123,154.347,154.579,154.461,154.521,155.328,155.735,156.039,156.627,156.924,157.276
119,Food at elementary and secondary schools(4)(8)(6),129.143,129.27,129.233,129.347,129.284,129.287,130.028,130.379,130.886,131.287,131.527,131.727
120,Food from vending machines and mobile vendors(4)(5),142.584,143.191,143.553,143.365,143.5,143.637,143.805,144.051,142.373,142.674,143.384,143.585
121,Other food away from home(4)(5),168.126,168.142,168.816,169.45,169.165,169.331,169.371,169.64,170.17,170.356,171.608,171.467
122,,,,,,,,,,,,,
123,Energy,234.624,248.146,249.565,244.757,247.805,251.921,251.37,250.011,248.513,238.524,233.136,234.542
124,Energy commodities,292.609,320.258,324.016,312.27,314.009,315.529,314.38,313.275,309.888,295.802,286.975,289.461
125,Fuel oil and other fuels(4),338.084,346.07,341.601,330.459,321.606,318.848,320.787,325.601,330.69,331.026,334.213,345.274
126,Fuel oil(4),381.889,393.782,385.552,368.552,357.838,355.966,359.78,364.124,367.519,365.45,366.749,375.607
127,"Propane, kerosene, and firewood(4)(9)",324.047,326.104,328.022,325.945,318.848,313.783,312.476,319.222,328.687,333.781,341.321,359.01
128,Motor fuel,288.108,316.58,320.739,309.048,311.326,313.058,311.757,310.351,306.547,291.812,282.423,284.445
129,Gasoline (all types),286.417,315.243,319.523,307.814,310.352,312.212,310.886,309.355,305.299,290.306,280.742,282.773
130,"Gasoline, unleaded regular(6)",285.55,314.751,318.998,306.958,309.328,311.149,309.928,308.409,304.131,288.934,279.239,281.449
131,"Gasoline, unleaded midgrade(10)(6)",293.412,323.169,327.254,315.963,321.035,322.906,319.314,317.707,314.408,299.119,289.098,290.346
132,"Gasoline, unleaded premium(6)",278.243,304.201,308.422,298.334,300.255,302.117,301.963,300.19,296.961,283.554,275.251,276.812
133,Other motor fuels(5),282.202,295.581,295.602,286.555,281.192,279.029,278.645,281.009,284.929,280.089,277.288,278.685
134,Energy services(11),189.444,189.679,188.856,190.669,195.172,202.075,202.087,200.406,200.7,194.248,191.984,192.394
135,Electricity(11),194.525,194.739,193.856,194.553,199.557,208.737,209.538,208.514,209.106,200.392,197.442,198.043
136,Utility (piped) gas service(11),171.597,171.888,171.248,176.159,179.173,179.557,177.356,173.861,173.315,173.329,173.035,172.898
137,,,,,,,,,,,,,
138,All items less food and energy,231.612,232.432,233.052,233.236,233.462,233.64,233.792,234.258,234.782,235.162,235.243,235.0
139,Commodities less food and energy commodities,146.492,147.093,147.717,147.992,147.762,147.385,146.872,147.088,147.659,147.814,147.191,146.277
140,Household furnishings and supplies(4)(12),97.511,97.662,97.368,97.321,97.457,97.399,96.786,96.41,96.198,96.018,95.527,95.237
141,Window and floor coverings and other linens(4)(5),66.351,65.872,65.216,65.123,65.51,65.438,64.82,64.455,64.382,64.263,64.122,63.625
142,Floor coverings(4)(5),110.991,110.206,109.834,108.522,107.439,107.319,107.503,107.367,107.903,107.866,107.056,106.969
143,Window coverings(4)(5),74.442,75.47,75.558,75.481,74.327,73.851,73.978,74.131,74.716,74.339,73.803,73.934
144,Other linens(4)(5),53.844,52.893,51.977,52.031,53.123,53.206,52.264,51.709,51.331,51.304,51.392,50.653
145,Furniture and bedding(4),118.898,119.357,119.705,119.711,119.57,119.84,119.085,118.86,117.87,117.757,117.271,116.859
146,Bedroom furniture(4),134.445,134.805,135.931,134.667,134.063,135.414,136.989,137.123,134.41,134.891,135.388,134.516
147,"Living room, kitchen, and dining room furniture(4)(5)",89.418,90.095,90.875,91.03,91.343,91.316,89.686,89.696,89.544,89.726,89.429,88.97
148,Other furniture(5),79.912,79.638,77.997,78.933,78.349,77.977,77.396,76.466,76.07,74.792,73.255,73.716
149,Infants' furniture(4)(8)(6),,,,,,,,,,,91.165,94.016
150,Appliances(5),88.323,88.086,87.817,87.417,86.794,86.787,85.79,85.43,85.67,85.434,84.499,84.061
151,Major appliances(5),101.853,101.465,101.9,101.34,100.137,100.3,98.494,97.594,97.685,97.842,95.94,95.261
152,Laundry equipment(6),117.777,117.252,117.216,116.803,114.969,115.064,113.318,112.184,111.99,111.706,110.305,107.84
153,Other appliances(4)(5),71.767,71.691,70.74,70.514,70.486,70.314,70.148,70.333,70.711,70.093,70.144,69.964
154,Other household equipment and furnishings(5),65.129,65.175,64.292,64.003,64.547,64.156,63.531,62.707,62.617,62.403,62.004,61.571
155,"Clocks, lamps, and decorator items(4)",55.053,54.644,53.403,52.925,53.815,53.454,53.197,51.982,51.79,51.449,50.991,50.7
156,Indoor plants and flowers(13),125.439,127.853,128.462,127.735,127.88,126.81,125.648,126.085,126.008,126.042,125.215,125.067
157,Dishes and flatware(4)(5),60.868,60.868,60.44,60.419,59.983,59.426,56.741,55.991,56.719,57.032,57.676,56.464
158,Nonelectric cookware and tableware(5),97.981,98.312,97.097,97.841,98.07,98.119,97.609,97.228,96.878,96.524,95.693,94.738
159,"Tools, hardware, outdoor equipment and supplies(5)",91.946,92.254,92.04,92.592,92.603,92.379,92.345,92.276,92.367,91.604,91.086,90.914
160,"Tools, hardware and supplies(4)(5)",99.607,100.407,100.384,101.092,101.128,100.864,100.752,101.002,101.147,100.952,100.83,100.007
161,Outdoor equipment and supplies(5),88.197,88.278,87.973,88.505,88.524,88.3,88.302,88.099,88.179,87.174,86.483,86.605
162,Housekeeping supplies(4),189.474,190.007,189.926,189.53,189.913,190.185,188.972,188.519,188.136,188.777,188.056,188.169
163,Household cleaning products(4)(5),122.401,122.874,122.347,121.962,121.826,121.84,121.243,120.832,120.284,120.12,120.114,120.335
164,Household paper products(4)(5),168.984,169.328,170.446,170.064,170.753,172.075,170.175,168.972,170.392,171.585,170.491,170.053
165,Miscellaneous household products(4)(5),120.207,120.466,120.278,120.203,120.707,120.426,119.922,120.264,119.323,120.065,119.315,119.532
166,Apparel,124.687,126.303,128.279,128.861,127.952,126.205,124.215,125.767,129.701,131.07,129.435,126.461
167,Men's and boys' apparel,119.613,119.655,120.427,123.346,123.931,122.52,120.293,120.236,121.744,124.709,123.037,119.602
168,Men's apparel,124.77,124.619,125.499,129.468,130.302,128.337,125.6,125.861,126.43,129.203,126.802,123.2
169,"Men's suits, sport coats, and outerwear",115.451,120.232,121.006,124.04,124.369,122.979,114.862,113.705,117.656,117.21,118.356,115.218
170,Men's furnishings,155.076,157.625,154.098,160.017,160.297,160.497,159.325,160.259,160.061,160.423,160.414,156.248
171,Men's shirts and sweaters(5),81.516,78.893,81.222,84.293,85.124,82.261,80.966,83.069,84.618,85.499,85.212,81.842
172,Men's pants and shorts,121.027,119.399,120.991,123.539,124.798,123.261,122.14,119.204,115.484,125.265,114.957,113.014
173,Boys' apparel,100.452,101.097,101.514,101.077,100.871,101.224,100.646,99.599,104.002,107.492,108.139,105.311
174,Women's and girls' apparel,109.437,112.222,115.81,115.217,112.921,109.9,107.612,110.83,117.077,118.373,116.713,113.944
175,Women's apparel,110.222,114.882,119.354,119.189,116.721,113.002,110.127,113.868,119.872,121.055,119.671,116.714
176,Women's outerwear,97.795,97.295,100.188,100.719,96.921,88.783,85.407,94.218,112.567,119.28,117.695,113.548
177,Women's dresses,109.03,115.092,127.805,128.294,122.717,116.906,108.99,117.234,134.058,132.994,128.274,120.974
178,Women's suits and separates(5),81.159,87.375,91.054,90.503,88.28,84.264,81.726,85.007,89.466,89.002,87.268,85.853
179,"Women's underwear, nightwear, sportswear and accessories(5)",101.934,101.861,102.545,102.748,102.72,103.497,103.647,103.221,101.622,104.546,105.862,103.725
180,Girls' apparel,105.17,99.47,99.04,96.52,95.013,95.165,95.543,96.375,103.685,105.479,102.585,100.679
181,Footwear,132.998,134.158,134.956,136.096,136.392,135.947,133.566,134.295,136.601,136.965,135.627,132.589
182,Men's footwear(4),136.286,138.229,137.204,137.177,135.671,135.735,136.389,138.164,137.939,137.375,136.504,134.511
183,Boys' and girls' footwear,138.861,140.479,140.593,141.436,140.458,139.423,136.767,136.321,140.529,142.491,144.091,143.894
184,Women's footwear,127.234,127.7,129.917,131.898,133.856,133.353,129.226,129.803,132.844,133.096,130.22,125.344
185,Infants' and toddlers' apparel,117.993,118.9,117.609,116.549,116.454,114.806,113.853,114.043,115.777,116.852,118.039,117.58
186,Jewelry and watches(9),166.746,167.17,167.456,166.997,166.612,169.771,171.958,170.591,171.807,169.925,166.212,163.132
187,Watches(4)(9),120.416,121.74,122.225,121.452,121.434,123.744,124.26,117.102,122.912,121.245,121.346,120.953
188,Jewelry(9),176.133,175.995,176.136,175.905,175.349,178.669,181.592,183.703,182.146,180.336,174.81,170.502
189,Transportation commodities less motor fuel(12),105.554,105.916,106.449,106.836,106.938,107.133,107.165,107.126,106.806,106.49,106.141,106.087
190,New vehicles,145.871,145.925,145.989,146.188,145.955,146.076,145.726,145.316,145.457,145.488,145.643,145.766
191,New cars and trucks(5)(6),101.107,101.164,101.197,101.339,101.178,101.259,101.015,100.753,100.835,100.813,100.926,101.022
192,New cars(6),145.712,145.688,145.592,145.673,145.334,145.057,144.692,144.342,144.23,144.169,144.232,144.36
193,New trucks(14)(6),151.164,151.426,151.604,152.043,151.875,152.219,151.939,151.489,151.881,151.877,152.181,152.481
194,Used cars and trucks,145.26,146.718,148.753,150.16,151.099,151.76,152.554,153.252,151.75,150.413,148.74,148.183
195,Motor vehicle parts and equipment(4),147.931,147.659,147.916,147.22,146.763,146.384,146.141,145.673,145.379,145.246,145.088,145.664
196,Tires(4),133.582,133.143,133.288,132.29,131.648,131.032,130.539,129.876,129.345,129.209,128.885,129.637
197,Vehicle accessories other than tires(4)(5),160.861,161.047,161.541,161.708,161.782,162.048,162.47,162.556,162.9,162.795,163.074,163.124
198,Vehicle parts and equipment other than tires(4)(6),151.354,151.396,152.49,152.189,152.9,152.908,153.546,153.646,154.132,154.009,154.248,153.799
199,"Motor oil, coolant, and fluids(4)(6)",362.78,362.728,359.25,364.244,361.383,358.579,356.817,359.943,358.763,360.883,361.77,363.48
200,Medical care commodities,334.046,334.405,335.198,335.293,333.064,333.837,334.673,335.985,336.527,337.478,337.006,333.801
201,Medicinal drugs(4)(12),108.74,108.86,109.133,109.153,108.419,108.68,109.009,109.471,109.622,109.917,109.812,108.742
202,Prescription drugs,440.579,441.776,442.912,442.31,438.721,439.723,441.489,444.625,445.156,446.043,446.032,441.589
203,Nonprescription drugs(4)(12),99.402,98.829,99.05,99.724,99.648,99.94,99.825,99.029,99.245,99.811,99.319,98.445
204,Medical equipment and supplies(4)(12),101.553,101.599,101.546,101.79,101.264,101.318,100.471,100.203,100.863,101.434,100.341,99.878
205,Recreation commodities(12),94.06,94.223,94.235,94.255,94.367,93.845,93.656,93.373,92.672,92.649,92.638,91.979
206,Video and audio products(12),74.664,74.39,73.9,73.107,73.262,72.664,71.977,71.617,71.128,70.868,70.82,70.193
207,Televisions,4.938,4.863,4.806,4.689,4.723,4.662,4.508,4.445,4.372,4.355,4.331,4.277
208,Other video equipment(4)(5),11.479,11.496,11.681,11.778,11.667,11.443,11.251,11.224,11.106,10.902,10.975,10.68
209,Audio equipment(4),41.218,41.416,40.222,39.744,39.731,39.298,39.799,39.68,39.69,39.433,39.76,39.128
210,"Audio discs, tapes and other media(4)(5)",89.104,87.747,88.19,88.279,88.487,88.716,89.562,90.134,90.0,90.171,89.546,90.758
211,Pets and pet products(4),199.803,200.77,201.38,201.941,202.182,200.689,200.725,200.819,200.141,200.949,201.354,200.117
212,Pet food(4)(5)(6),152.172,152.95,154.021,154.338,154.931,154.583,154.647,154.33,154.238,154.423,154.447,153.766
213,"Purchase of pets, pet supplies, accessories(4)(5)(6)",115.348,115.591,115.256,115.766,115.598,114.064,114.161,114.478,113.561,114.472,115.261,114.391
214,Sporting goods(4),118.54,118.609,118.153,118.555,118.915,118.372,118.867,117.917,116.871,117.292,117.825,117.054
215,Sports vehicles including bicycles(4),150.403,150.189,149.905,151.235,150.657,150.192,151.566,150.031,148.163,148.848,149.848,149.239
216,Sports equipment,90.106,90.361,89.811,89.52,90.499,89.932,89.778,89.28,88.863,89.068,89.269,88.429
217,Photographic equipment and supplies,59.204,61.257,62.748,61.722,61.912,61.143,60.034,60.997,60.181,59.412,58.92,57.776
218,Film and photographic supplies(4)(5)(6),99.145,,,,,,,,,,,104.095
219,Photographic equipment(5)(6),25.827,26.708,27.399,26.867,26.953,26.864,26.317,26.488,26.016,25.613,25.359,24.736
220,Recreational reading materials(4),230.151,230.201,231.404,231.792,231.741,232.193,232.219,232.641,231.616,232.654,233.694,233.323
221,Newspapers and magazines(4)(5),151.707,151.232,151.611,152.025,152.538,153.086,152.981,154.072,153.425,154.215,156.022,155.909
222,Recreational books(4)(5),100.517,100.986,101.881,101.909,101.39,101.364,101.48,100.944,100.47,100.826,100.297,100.051
223,Other recreational goods(5),52.647,52.651,52.664,52.854,52.802,52.568,52.323,51.997,51.263,50.797,50.315,49.846
224,Toys(4),52.056,52.07,51.865,52.044,51.848,51.382,51.211,50.823,49.776,49.346,48.93,48.515
225,"Toys, games, hobbies and playground equipment(5)(6)",58.13,58.393,58.414,58.714,58.47,58.009,57.835,57.821,56.98,56.584,56.12,55.683
226,"Sewing machines, fabric and supplies(4)(5)",97.845,97.74,99.526,100.123,100.913,101.924,100.607,100.462,101.461,99.915,98.461,96.491
227,Music instruments and accessories(5),96.495,96.514,97.2,97.291,98.017,99.081,98.903,98.563,98.847,98.769,97.612,97.431
228,Education and communication commodities(12),91.329,91.413,91.195,90.649,90.247,89.844,89.393,88.75,89.109,88.839,88.808,88.796
229,Educational books and supplies,586.606,585.637,588.67,588.734,590.842,590.797,594.314,591.77,599.859,604.834,606.596,607.855
230,College textbooks(4)(15)(6),198.236,198.372,199.152,199.255,200.144,200.455,201.557,200.773,203.716,205.811,206.29,206.685
231,Information technology commodities(12),78.451,78.64,78.111,77.366,76.661,76.118,75.237,74.561,74.424,73.676,73.498,73.384
232,Personal computers and peripheral equipment(7),58.869,58.91,58.626,58.133,57.527,57.012,56.281,55.607,55.59,55.077,54.601,54.869
233,Computer software and accessories(4)(5),39.728,39.863,39.307,38.744,38.476,38.491,38.294,37.927,38.287,38.479,37.866,37.237
234,"Telephone hardware, calculators, and other consumer information items(4)(5)",30.404,30.611,30.357,30.047,29.85,29.681,29.34,29.337,28.98,28.382,29.039,28.704
235,Alcoholic beverages,232.558,233.898,234.015,234.282,234.425,234.46,235.022,235.199,234.999,235.348,235.47,235.804
236,Alcoholic beverages at home,194.368,195.684,195.967,195.779,195.762,195.695,196.129,196.088,195.686,195.612,195.436,196.08
237,"Beer, ale, and other malt beverages at home",209.781,210.918,211.203,210.864,210.58,210.741,210.845,209.922,209.881,211.598,212.933,213.561
238,Distilled spirits at home(4),189.573,190.432,191.594,190.525,190.454,191.041,191.511,191.883,191.659,191.918,191.089,190.72
239,Whiskey at home(6),200.278,200.782,201.347,200.365,201.525,202.702,202.089,204.359,204.383,204.526,204.502,203.893
240,"Distilled spirits, excluding whiskey, at home(4)(6)",184.711,185.931,186.924,185.847,186.802,187.209,186.461,185.355,186.635,186.671,185.832,184.852
241,Wine at home,167.998,169.529,169.546,169.763,170.02,169.554,170.267,170.965,170.192,168.299,166.857,167.757
242,Alcoholic beverages away from home(4),314.141,315.476,315.184,316.544,317.066,317.348,318.193,318.891,319.189,320.547,321.386,320.953
243,"Beer, ale, and other malt beverages away from home(4)(5)(6)",155.783,156.035,156.072,156.837,156.89,157.531,157.774,158.036,157.973,158.563,158.465,158.75
244,Wine away from home(4)(5)(6),169.845,171.619,170.986,170.83,171.47,171.514,172.11,172.416,172.59,172.995,173.73,173.661
245,Distilled spirits away from home(4)(5)(6),165.384,165.973,166.229,167.457,167.745,167.64,168.209,168.479,168.884,169.953,170.861,169.759
246,Other goods(12),104.243,104.154,104.529,104.715,104.449,104.574,105.061,105.254,105.348,105.384,105.421,105.788
247,Tobacco and smoking products(4),867.646,865.607,863.888,869.057,868.983,869.824,881.77,885.588,886.493,887.056,885.518,890.438
248,Cigarettes(4)(5),353.561,352.555,351.679,353.856,353.837,354.011,359.131,360.842,361.091,361.216,360.742,362.727
249,Tobacco products other than cigarettes(4)(5),233.18,234.251,235.465,236.148,236.044,237.814,238.678,238.286,239.623,240.74,238.903,240.42
250,Personal care products(4),160.566,160.794,162.72,162.017,161.184,161.834,161.324,162.377,162.529,161.844,161.937,162.399
251,"Hair, dental, shaving, and miscellaneous personal care products(4)(5)",101.909,101.952,103.14,102.602,101.851,102.753,102.258,103.01,103.387,103.968,103.761,103.244
252,"Cosmetics, perfume, bath, nail preparations and implements(4)",185.196,185.678,187.978,187.354,186.845,186.603,186.364,187.404,187.006,184.145,184.809,186.989
253,Miscellaneous personal goods(5),86.017,85.838,85.772,86.172,85.829,85.242,84.679,82.705,82.726,83.893,84.585,84.333
254,"Stationery, stationery supplies, gift wrap(6)",156.627,156.338,156.267,157.061,156.912,155.924,154.949,150.987,151.014,153.836,156.105,155.801
255,Infants' equipment(4)(8)(6),88.443,88.624,89.411,89.613,89.463,89.92,90.314,88.796,88.699,88.351,88.771,87.757
256,Services less energy services,283.284,284.231,284.834,284.954,285.479,286.024,286.617,287.239,287.72,288.243,288.792,289.001
257,Shelter,260.039,260.72,261.33,261.655,262.289,262.907,263.451,264.024,264.344,264.719,265.31,265.881
258,Rent of shelter(16),270.9,271.583,272.227,272.601,273.258,273.9,274.454,275.071,275.4,275.785,276.395,276.978
259,Rent of primary residence(11),264.7,265.256,265.821,265.984,266.559,266.905,267.482,268.505,269.137,269.96,270.698,271.688
260,Lodging away from home(5),134.07,138.38,143.39,143.766,147.984,151.783,154.024,149.328,144.44,137.585,133.973,130.549
261,"Housing at school, excluding board(11)(16)",473.751,473.751,473.962,474.083,474.735,474.978,476.568,482.845,487.292,488.457,488.884,488.924
262,Other lodging away from home including hotels and motels,274.183,285.292,298.174,299.124,309.899,319.653,325.191,312.14,298.872,281.028,271.652,262.821
263,Owners' equivalent rent of residences(11)(16),267.995,268.448,268.802,269.216,269.635,270.126,270.537,271.352,271.915,272.623,273.437,274.135
264,Owners' equivalent rent of primary residence(11)(16),267.972,268.424,268.778,269.193,269.611,270.1,270.511,271.329,271.891,272.599,273.413,274.112
265,Tenants' and household insurance(4)(5),133.946,135.459,135.436,134.017,134.51,134.893,135.754,135.147,135.492,135.936,136.545,137.331
266,Water and sewer and trash collection services(5),194.553,195.505,195.981,196.319,196.727,196.989,198.173,198.736,198.804,199.759,200.004,200.203
267,Water and sewerage maintenance(11),442.19,444.814,446.071,446.612,447.548,448.234,451.2,452.459,452.456,454.864,454.999,455.317
268,Garbage and trash collection(4)(14),411.126,411.805,412.305,413.675,414.511,414.802,416.505,417.76,418.357,419.687,421.427,422.237
269,Household operations(4)(5),156.436,156.73,156.992,156.421,156.516,157.334,157.518,158.18,158.482,158.85,159.075,159.228
270,Domestic services(4)(5),148.711,148.543,148.867,149.193,149.292,150.022,149.793,150.259,150.528,151.107,151.609,152.971
271,Gardening and lawncare services(4)(5),,,,159.836,159.445,159.463,159.767,160.962,161.895,161.827,161.853,161.853
272,"Moving, storage, freight expense(4)(5)",128.134,127.83,128.346,128.472,129.606,131.268,132.093,132.596,131.316,131.314,131.355,129.125
273,Repair of household items(4)(5),204.453,204.483,204.911,204.267,204.355,206.889,207.239,207.03,207.834,209.489,209.637,209.29
274,Medical care services,448.226,451.625,452.596,452.083,451.648,453.325,453.773,456.062,457.458,457.135,456.855,457.296
275,Professional services,345.969,347.303,348.071,348.863,348.78,349.987,350.232,350.193,350.758,350.903,350.967,351.594
276,Physicians' services(11),351.25,352.266,352.575,353.529,353.372,355.105,354.775,354.712,354.967,355.354,355.555,356.469
277,Dental services(11),425.241,427.808,429.993,430.918,431.362,432.095,433.275,433.249,433.853,433.941,434.393,434.955
278,Eyeglasses and eye care(4)(9),179.414,180.096,180.331,181.0,180.597,180.513,181.467,181.213,182.09,181.43,180.383,180.765
279,Services by other medical professionals(11)(9),221.354,222.147,222.722,222.666,222.518,223.298,223.408,223.61,224.453,224.595,224.75,224.58
280,Hospital and related services,688.146,697.701,699.196,694.601,693.467,696.308,697.402,706.85,711.279,710.343,709.948,710.891
281,Hospital services(11)(17),260.035,264.071,264.586,262.595,262.06,263.287,263.698,267.741,269.691,269.27,268.978,269.365
282,Inpatient hospital services(11)(17)(6),254.32,258.789,259.082,256.982,256.601,257.793,258.106,261.915,263.458,263.203,262.859,263.581
283,Outpatient hospital services(11)(9)(6),590.146,598.049,599.641,595.678,594.091,596.287,597.326,606.362,611.432,610.652,610.309,610.065
284,Nursing homes and adult day services(11)(17),192.115,192.88,193.793,193.73,194.527,194.459,194.968,195.207,194.855,194.999,195.989,196.142
285,Care of invalids and elderly at home(4)(8),115.057,115.069,115.24,115.35,114.938,115.008,115.008,115.103,115.146,115.14,115.163,115.179
286,Health insurance(4)(8),121.925,122.844,123.078,122.849,122.55,123.018,123.108,123.792,123.902,123.388,122.845,122.373
287,Transportation services,277.406,277.96,278.874,279.065,279.948,280.184,281.08,279.523,279.491,281.697,283.116,281.68
288,Leased cars and trucks(15),87.709,87.8,87.224,86.752,86.203,86.286,86.616,85.797,86.481,87.464,87.142,85.476
289,Car and truck rental(5),125.963,125.813,127.581,126.295,122.31,122.695,131.293,132.466,126.4,122.016,119.836,126.563
290,Motor vehicle maintenance and repair(4),259.752,260.234,260.156,260.341,261.065,261.36,262.229,262.497,262.96,263.085,262.934,263.081
291,Motor vehicle body work(4),267.972,268.579,269.064,269.891,270.156,270.194,270.993,271.149,273.314,273.596,273.32,273.488
292,Motor vehicle maintenance and servicing(4),236.084,236.326,236.066,236.089,237.009,236.913,237.294,237.756,237.474,237.153,237.183,237.716
293,Motor vehicle repair(4)(5),159.937,160.329,160.349,160.501,160.838,161.228,161.978,162.03,162.605,162.905,162.724,162.609
294,Motor vehicle insurance,415.51,416.147,415.381,414.955,414.952,415.353,420.073,420.226,420.321,424.601,426.64,428.64
295,Motor vehicle fees(4)(5),173.461,173.646,173.978,173.915,174.011,174.312,175.558,175.716,175.789,175.618,175.697,175.764
296,State motor vehicle registration and license fees(4)(11)(5),167.155,167.137,167.179,167.204,167.202,167.263,168.479,168.511,168.472,168.298,168.383,168.543
297,Parking and other fees(4)(5),184.19,184.709,185.516,185.304,185.546,186.265,187.597,187.97,188.229,188.065,188.138,188.058
298,Parking fees and tolls(4)(5)(6),202.418,202.806,203.797,203.543,203.885,204.788,206.705,207.055,207.509,207.285,207.53,207.399
299,Automobile service clubs(4)(5)(6),125.679,125.993,125.791,125.744,125.693,126.677,125.99,126.117,125.844,125.308,125.121,125.593
300,Public transportation,273.577,274.684,280.356,282.364,286.896,286.832,281.394,273.893,273.182,277.556,282.318,273.161
301,Airline fare,306.603,309.283,315.303,318.815,326.5,325.321,315.789,303.848,301.476,310.012,318.197,301.357
302,Other intercity transportation,153.36,151.175,153.376,153.011,153.208,155.925,156.154,153.137,156.018,153.43,153.434,156.185
303,Intercity bus fare(4)(7)(6),,,,,,,,,,,,
304,Intercity train fare(7)(6),110.668,103.66,117.213,116.116,111.01,116.685,128.463,121.554,110.883,106.56,107.817,112.993
305,Ship fare(4)(5)(6),61.559,61.442,61.261,61.343,61.563,62.246,61.025,60.345,62.743,62.213,61.906,62.321
306,Intracity transportation(4),286.374,286.557,294.467,294.715,294.824,294.855,295.089,295.651,295.741,295.696,295.711,295.758
307,Intracity mass transit(4)(12)(6),112.599,112.663,116.246,116.372,116.417,116.453,116.558,116.791,116.825,116.825,116.828,116.854
308,Recreation services(12),106.539,107.223,107.269,107.216,107.452,107.568,107.665,107.788,108.072,108.085,108.276,108.029
309,Video and audio services(12),107.868,109.113,109.883,109.911,109.916,109.84,109.944,109.919,109.985,109.948,110.067,109.572
310,Cable and satellite television and radio service(14),399.087,403.588,406.766,407.231,407.607,407.205,407.63,407.36,407.774,407.714,408.771,407.644
311,"Video discs and other media, including rental of video and audio(4)(5)",77.893,79.061,78.786,77.894,76.996,77.248,77.228,77.651,77.269,77.053,75.579,73.451
312,Video discs and other media(4)(5)(6),47.926,48.779,48.493,48.149,47.485,46.909,46.857,47.268,46.672,46.426,45.192,43.108
313,Rental of video or audio discs and other media(4)(5)(6),116.777,117.588,117.258,116.146,115.651,116.958,117.141,117.24,117.218,117.174,116.648,116.06
314,Pet services including veterinary(5),208.561,209.205,209.745,210.836,211.14,211.433,211.773,211.725,212.613,213.115,213.528,214.295
315,Pet services(4)(5)(6),169.853,169.758,170.02,171.782,170.726,171.016,171.122,170.949,173.921,174.138,174.382,174.785
316,Veterinarian services(5)(6),216.612,217.307,217.933,219.013,219.475,219.834,220.375,220.37,220.819,221.449,222.033,223.093
317,Photographers and film processing(4)(5),117.773,117.427,117.422,118.166,117.694,118.343,118.715,118.213,119.132,120.419,119.602,119.636
318,Photographer fees(4)(5)(6),124.853,124.62,124.503,124.588,124.598,125.33,125.883,125.505,126.162,127.452,126.808,126.977
319,Film processing(4)(5)(6),113.55,113.931,113.87,114.241,113.971,113.899,114.157,114.207,115.124,115.784,115.077,115.099
320,Other recreation services(5),150.004,150.469,149.591,149.185,149.854,150.217,150.31,150.736,151.322,151.267,151.664,151.385
321,Club dues and fees for participant sports and group exercises(5),126.283,127.731,126.698,126.961,127.375,127.12,126.482,126.951,128.7,128.993,128.565,127.923
322,Admissions(4),336.328,334.404,333.625,331.163,334.11,335.539,337.262,338.673,337.399,336.28,339.553,340.305
323,"Admission to movies, theaters, and concerts(4)(5)(6)",161.916,160.993,160.553,159.256,160.51,161.467,162.398,162.856,162.042,161.667,163.66,163.864
324,Admission to sporting events(4)(5)(6),185.896,184.969,184.791,183.851,186.372,186.376,186.707,188.849,189.227,187.896,188.577,189.859
325,Fees for lessons or instructions(4)(9),277.518,279.434,276.78,276.184,275.318,276.318,276.4,276.686,277.644,277.374,277.521,278.052
326,Education and communication services(12),106.27,106.512,106.629,106.349,106.371,106.324,106.576,107.321,107.801,107.948,107.938,107.951
327,"Tuition, other school fees, and childcare",636.016,635.842,635.979,636.037,636.42,636.731,640.089,649.124,653.449,654.327,655.03,655.13
328,College tuition and fees,722.477,721.998,721.916,721.857,722.134,722.695,727.001,741.147,745.701,746.81,747.794,747.746
329,Elementary and high school tuition and fees,684.368,684.394,684.778,684.75,684.913,687.379,693.261,703.805,710.16,710.683,710.48,710.442
330,Child care and nursery school(13),257.831,257.929,258.088,258.203,258.522,258.094,258.688,259.325,261.098,261.426,261.745,261.922
331,Technical and business school tuition and fees(5),224.242,224.308,224.786,225.072,225.231,225.199,225.845,227.149,227.931,228.352,228.562,228.799
332,Postage and delivery services(5),160.182,167.829,167.909,168.08,168.021,167.92,167.788,167.811,167.821,167.856,167.969,167.946
333,Postage(4),250.721,263.671,263.671,263.671,263.671,263.671,263.671,263.671,263.671,263.671,263.671,263.671
334,Delivery services(4)(5),273.984,273.075,275.005,279.099,277.683,275.266,272.093,272.659,272.886,273.731,276.443,275.89
335,Telephone services(4)(5),101.945,101.948,101.878,101.244,101.313,101.251,101.372,101.296,101.506,101.716,101.607,101.636
336,Wireless telephone services(4)(5),59.357,59.202,59.139,58.577,58.577,58.566,58.43,58.363,58.332,58.331,58.276,58.249
337,Land-line telephone services(4)(12),107.145,107.575,107.563,107.423,107.602,107.469,108.162,108.144,108.781,109.339,109.202,109.35
338,Internet services and electronic information providers(4)(5),76.127,77.139,78.154,77.91,77.637,77.291,76.744,76.961,77.25,77.174,76.972,76.922
339,Other personal services(4)(12),106.484,106.965,107.109,107.437,107.555,107.633,107.735,108.045,108.095,108.069,108.219,108.41
340,Personal care services(4),237.051,237.297,237.73,238.253,238.257,238.188,239.093,239.737,239.843,239.214,240.123,240.709
341,Haircuts and other personal care services(4)(5),144.64,144.79,145.054,145.373,145.375,145.334,145.886,146.279,146.344,145.96,146.514,146.872
342,Miscellaneous personal services,377.011,379.477,379.881,381.239,381.896,382.395,382.131,383.269,383.452,383.89,383.887,384.416
343,Legal services(9),306.202,309.892,310.386,310.395,310.244,311.652,311.908,314.108,314.021,314.979,313.736,314.281
344,Funeral expenses(9),299.157,300.074,299.335,299.463,300.973,301.702,301.739,302.377,302.916,302.827,304.096,305.028
345,Laundry and dry cleaning services(4)(5),149.498,149.033,149.116,149.276,149.277,149.304,149.149,149.297,149.5,149.688,149.837,150.331
346,Apparel services other than laundry and dry cleaning(4)(5),172.372,172.708,174.671,174.048,173.938,174.365,174.846,174.939,174.46,174.666,175.404,175.85
347,Financial services(4)(9),290.409,295.216,295.719,299.917,301.381,299.711,298.655,298.776,298.789,298.868,298.988,298.333
348,Checking account and other bank services(4)(5)(6),141.137,141.204,141.22,141.208,141.335,147.829,147.621,147.621,147.645,147.655,147.67,147.674
349,Tax return preparation and other accounting fees(5)(6),190.911,193.273,193.701,197.198,199.069,198.595,197.981,198.131,198.161,198.247,198.24,197.658
350,,,,,,,,,,,,,
351,Special aggregate indexes,,,,,,,,,,,,
352,,,,,,,,,,,,,
353,All items less food,229.344,231.543,232.243,231.88,232.411,233.018,233.092,233.353,233.65,232.893,232.375,232.314
354,All items less shelter,221.246,223.629,224.241,223.774,224.105,224.647,224.563,224.732,224.988,223.993,223.088,222.834
355,All items less food and shelter,217.124,220.093,220.846,220.141,220.629,221.237,221.082,221.193,221.483,220.162,219.094,218.723
356,"All items less food, shelter, and energy",216.086,216.992,217.621,217.723,217.708,217.627,217.548,217.953,218.6,218.986,218.765,218.037
357,"All items less food, shelter, energy, and used cars and trucks",220.356,221.225,221.761,221.777,221.7,221.57,221.434,221.819,222.606,223.105,222.979,222.241
358,All items less medical care,221.028,222.876,223.465,223.229,223.696,224.216,224.289,224.497,224.731,224.105,223.625,223.631
359,All items less energy,231.679,232.363,232.889,233.123,233.264,233.456,233.616,234.071,234.53,234.905,234.937,234.768
360,Commodities,185.613,188.539,189.286,188.513,188.441,188.423,188.055,188.202,188.278,187.168,185.896,185.62
361,"Commodities less food, energy, and used cars and trucks",147.344,147.858,148.337,148.494,148.139,147.652,146.998,147.164,147.956,148.269,147.754,146.798
362,Commodities less food,161.594,165.599,166.605,165.355,165.379,165.25,164.669,164.712,164.77,163.122,161.478,161.014
363,Commodities less food and beverages,158.949,163.006,164.031,162.746,162.767,162.635,162.025,162.065,162.13,160.436,158.752,158.269
364,Services,274.639,275.521,275.994,276.268,277.154,278.277,278.818,279.23,279.693,279.582,279.875,280.102
365,Services less rent of shelter(16),300.332,301.52,301.825,301.999,303.231,305.015,305.581,305.781,306.44,305.726,305.663,305.482
366,Services less medical care services,261.438,262.164,262.602,262.919,263.872,264.95,265.489,265.788,266.192,266.094,266.417,266.629
367,Durables,111.805,112.097,112.269,112.46,112.529,112.524,112.304,112.047,111.678,111.314,110.934,110.704
368,Nondurables,222.16,226.49,227.54,226.246,226.096,226.071,225.63,226.0,226.324,224.824,223.085,222.79
369,Nondurables less food,208.685,216.3,218.116,215.46,215.439,215.191,214.259,214.599,215.077,212.184,209.313,208.623
370,Nondurables less food and beverages,207.108,215.053,216.959,214.148,214.119,213.855,212.844,213.192,213.707,210.641,207.612,206.868
371,"Nondurables less food, beverages, and apparel",263.151,275.194,277.105,272.136,272.646,273.289,272.853,272.469,270.894,265.022,261.057,261.666
372,Nondurables less food and apparel,259.172,270.277,272.032,267.516,267.994,268.583,268.231,267.895,266.44,261.106,257.496,258.079
373,Housing,224.79,225.382,225.643,225.986,226.896,228.068,228.374,228.564,228.808,228.362,228.449,228.892
374,Education and communication(5),135.225,135.517,135.625,135.23,135.204,135.098,135.334,136.119,136.723,136.86,136.844,136.857
375,Education(5),221.822,221.742,221.861,221.882,222.058,222.158,223.34,226.224,227.833,228.242,228.514,228.578
376,Communication(5),82.774,83.149,83.235,82.759,82.666,82.506,82.372,82.293,82.446,82.465,82.351,82.344
377,Information and information processing(5),79.208,79.414,79.498,79.019,78.927,78.769,78.638,78.558,78.711,78.73,78.613,78.607
378,"Information technology, hardware and services(18)",8.555,8.632,8.679,8.63,8.581,8.535,8.459,8.445,8.459,8.422,8.401,8.392
379,Recreation(5),114.816,115.35,115.386,115.359,115.57,115.407,115.384,115.336,115.203,115.202,115.325,114.855
380,Video and audio(5),98.993,99.824,100.251,100.054,100.1,99.881,99.769,99.652,99.566,99.468,99.542,99.01
381,"Pets, pet products and services(5)",163.153,163.835,164.305,164.911,165.123,164.446,164.564,164.598,164.511,165.071,165.399,164.992
382,Photography(5),76.258,77.341,78.216,77.88,77.83,77.598,77.075,77.471,77.312,77.307,76.727,76.067
383,Food and beverages,236.183,236.23,236.267,236.761,236.474,236.726,236.957,237.348,237.444,237.794,237.585,237.82
384,Domestically produced farm food,241.509,241.505,241.166,241.277,240.887,241.054,241.291,241.667,241.644,241.924,241.207,241.358
385,Other services,325.993,327.276,327.576,327.216,327.535,327.607,328.16,329.637,330.723,330.964,331.202,331.067
386,Apparel less footwear,118.291,119.947,122.104,122.544,121.408,119.444,117.613,119.285,123.425,124.961,123.321,120.472
387,Fuels and utilities,220.228,220.992,220.251,221.382,224.847,230.506,230.899,229.85,230.318,225.244,223.566,224.407
388,Household energy,189.19,189.768,188.81,189.969,193.701,199.911,200.01,198.685,199.186,193.28,191.347,192.224
389,Medical care,420.687,423.221,424.154,423.815,422.834,424.264,424.836,426.866,428.026,428.082,427.74,427.089
390,Transportation,212.299,219.491,221.08,218.592,219.438,220.044,219.992,219.217,218.088,214.943,212.844,212.911
391,Private transportation,207.331,214.823,216.167,213.438,214.066,214.706,214.964,214.581,213.435,209.879,207.401,207.997
392,New and used motor vehicles(5),99.984,100.345,100.809,101.162,101.199,101.413,101.568,101.505,101.21,100.95,100.582,100.44
393,Utilities and public transportation,208.635,209.289,209.72,210.427,212.835,215.69,215.447,214.079,214.279,212.201,211.742,211.039
394,Household furnishings and operations,125.4,125.601,125.33,125.198,125.355,125.412,124.793,124.493,124.314,124.177,123.692,123.409
395,Other goods and services,397.543,398.291,399.265,400.239,399.966,400.347,401.454,402.403,402.675,402.693,403.047,404.097
396,Personal care,213.249,213.934,214.754,215.041,214.854,215.058,214.915,215.289,215.41,215.38,215.749,216.109
397,,,,,,,,,,,,,
